epoch,train_nt_xent,val_nt_xent,provenance
1,1.5772727355021217,1.3419762602545968,digitized_from_notebook_exported_svg:ssl_train_validation_loss.svg
2,1.1891549759547382,1.0992074115983028,digitized_from_notebook_exported_svg:ssl_train_validation_loss.svg
3,1.0656495162659123,1.2094274851485147,digitized_from_notebook_exported_svg:ssl_train_validation_loss.svg
4,0.9897567524752475,1.0348333578500708,digitized_from_notebook_exported_svg:ssl_train_validation_loss.svg
5,0.9755767355021218,0.961180333804809,digitized_from_notebook_exported_svg:ssl_train_validation_loss.svg
6,0.9349332956152759,0.9898257765205093,digitized_from_notebook_exported_svg:ssl_train_validation_loss.svg
7,0.881575241867044,0.9008763224893918,digitized_from_notebook_exported_svg:ssl_train_validation_loss.svg
8,0.9220896859971713,1.041138998585573,digitized_from_notebook_exported_svg:ssl_train_validation_loss.svg
9,0.8765947835926451,0.9466583875530411,digitized_from_notebook_exported_svg:ssl_train_validation_loss.svg
10,0.9039708854314003,0.9288026930693071,digitized_from_notebook_exported_svg:ssl_train_validation_loss.svg
11,0.8650227439886846,0.9733448486562942,digitized_from_notebook_exported_svg:ssl_train_validation_loss.svg
12,0.8530352135785007,0.8735131881188118,digitized_from_notebook_exported_svg:ssl_train_validation_loss.svg
13,0.8632997680339464,0.8364867553041019,digitized_from_notebook_exported_svg:ssl_train_validation_loss.svg
14,0.8490529787835926,0.8289289844413013,digitized_from_notebook_exported_svg:ssl_train_validation_loss.svg
15,0.7935055954738333,0.8830915530410185,digitized_from_notebook_exported_svg:ssl_train_validation_loss.svg
16,0.8149127015558699,0.8859683847241867,digitized_from_notebook_exported_svg:ssl_train_validation_loss.svg
17,0.7658750777934937,0.8211800509193777,digitized_from_notebook_exported_svg:ssl_train_validation_loss.svg
18,0.8113947157001415,0.8127605657708628,digitized_from_notebook_exported_svg:ssl_train_validation_loss.svg
19,0.7304129674681755,0.8128174596888261,digitized_from_notebook_exported_svg:ssl_train_validation_loss.svg
20,0.753065414427157,0.8341676492220651,digitized_from_notebook_exported_svg:ssl_train_validation_loss.svg
21,0.7556839151343705,0.8136607185289957,digitized_from_notebook_exported_svg:ssl_train_validation_loss.svg
22,0.761440973125884,0.7900811654879775,digitized_from_notebook_exported_svg:ssl_train_validation_loss.svg
23,0.7226552418670439,0.8267944554455446,digitized_from_notebook_exported_svg:ssl_train_validation_loss.svg
24,0.7261047807637908,0.8012590212164074,digitized_from_notebook_exported_svg:ssl_train_validation_loss.svg
25,0.7032767751060822,0.7711317454031119,digitized_from_notebook_exported_svg:ssl_train_validation_loss.svg
26,0.7092752701555872,0.7118305289957568,digitized_from_notebook_exported_svg:ssl_train_validation_loss.svg
27,0.6766836775106082,0.7668974596888262,digitized_from_notebook_exported_svg:ssl_train_validation_loss.svg
28,0.7136905120226309,0.711335513437058,digitized_from_notebook_exported_svg:ssl_train_validation_loss.svg
29,0.6951341838755305,0.7265213578500708,digitized_from_notebook_exported_svg:ssl_train_validation_loss.svg
30,0.6765778557284301,0.7271367807637906,digitized_from_notebook_exported_svg:ssl_train_validation_loss.svg
31,0.6413106421499293,0.7757554512022633,digitized_from_notebook_exported_svg:ssl_train_validation_loss.svg
32,0.6623752305516266,0.6818211937765206,digitized_from_notebook_exported_svg:ssl_train_validation_loss.svg
33,0.6575925884016973,0.7243241188118812,digitized_from_notebook_exported_svg:ssl_train_validation_loss.svg
34,0.6480895728429987,0.6864599038189534,digitized_from_notebook_exported_svg:ssl_train_validation_loss.svg
35,0.6691529618104669,0.7214135785007073,digitized_from_notebook_exported_svg:ssl_train_validation_loss.svg
36,0.6625982687411598,0.7418998132956153,digitized_from_notebook_exported_svg:ssl_train_validation_loss.svg
37,0.6494819236209337,0.6828671909476662,digitized_from_notebook_exported_svg:ssl_train_validation_loss.svg
38,0.6398193833097596,0.7059111513437057,digitized_from_notebook_exported_svg:ssl_train_validation_loss.svg
39,0.6216968260254598,0.6555756492220652,digitized_from_notebook_exported_svg:ssl_train_validation_loss.svg
40,0.6407226930693071,0.6867775728429987,digitized_from_notebook_exported_svg:ssl_train_validation_loss.svg
41,0.641442466760962,0.7086753041018387,digitized_from_notebook_exported_svg:ssl_train_validation_loss.svg
42,0.6025569108910891,0.6366134200848657,digitized_from_notebook_exported_svg:ssl_train_validation_loss.svg
43,0.6166162942008486,0.6950033493635077,digitized_from_notebook_exported_svg:ssl_train_validation_loss.svg
44,0.6150274625176804,0.664687683168317,digitized_from_notebook_exported_svg:ssl_train_validation_loss.svg
45,0.5837985289957568,0.6792023536067893,digitized_from_notebook_exported_svg:ssl_train_validation_loss.svg
46,0.5764729278642151,0.6695028571428573,digitized_from_notebook_exported_svg:ssl_train_validation_loss.svg
47,0.5490006223479491,0.6222651881188119,digitized_from_notebook_exported_svg:ssl_train_validation_loss.svg
48,0.5878044469589816,0.6798445827439888,digitized_from_notebook_exported_svg:ssl_train_validation_loss.svg
49,0.5829563564356435,0.6135237001414429,digitized_from_notebook_exported_svg:ssl_train_validation_loss.svg
50,0.5835774257425743,0.6102673493635078,digitized_from_notebook_exported_svg:ssl_train_validation_loss.svg
51,0.5857031173974541,0.6570760056577087,digitized_from_notebook_exported_svg:ssl_train_validation_loss.svg
52,0.5506528656294201,0.6067572956152758,digitized_from_notebook_exported_svg:ssl_train_validation_loss.svg
53,0.5451712588401698,0.6689929391796323,digitized_from_notebook_exported_svg:ssl_train_validation_loss.svg
54,0.5327518981612447,0.5986225289957567,digitized_from_notebook_exported_svg:ssl_train_validation_loss.svg
55,0.5667540141442715,0.6050110325318248,digitized_from_notebook_exported_svg:ssl_train_validation_loss.svg
56,0.5230005091937766,0.6221594455445545,digitized_from_notebook_exported_svg:ssl_train_validation_loss.svg
57,0.5109222970297029,0.585832961810467,digitized_from_notebook_exported_svg:ssl_train_validation_loss.svg
58,0.5272902065063652,0.5577252842998586,digitized_from_notebook_exported_svg:ssl_train_validation_loss.svg
59,0.5145603394625178,0.6309032079207921,digitized_from_notebook_exported_svg:ssl_train_validation_loss.svg
60,0.524134483734088,0.6069955190947667,digitized_from_notebook_exported_svg:ssl_train_validation_loss.svg
61,0.515173352192362,0.6104881244695899,digitized_from_notebook_exported_svg:ssl_train_validation_loss.svg
62,0.5415193663366338,0.5743379688826025,digitized_from_notebook_exported_svg:ssl_train_validation_loss.svg
63,0.49854951060820385,0.5687431739745403,digitized_from_notebook_exported_svg:ssl_train_validation_loss.svg
64,0.5019992984441302,0.5766587157001415,digitized_from_notebook_exported_svg:ssl_train_validation_loss.svg
65,0.45109280905233384,0.5384323055162661,digitized_from_notebook_exported_svg:ssl_train_validation_loss.svg
66,0.4637732616690242,0.5431123281471006,digitized_from_notebook_exported_svg:ssl_train_validation_loss.svg
67,0.4784656859971712,0.5456407128712872,digitized_from_notebook_exported_svg:ssl_train_validation_loss.svg
68,0.48638358132956183,0.5559888429985858,digitized_from_notebook_exported_svg:ssl_train_validation_loss.svg
69,0.4707902461103255,0.5616019801980199,digitized_from_notebook_exported_svg:ssl_train_validation_loss.svg
70,0.4726024780763791,0.5628839151343707,digitized_from_notebook_exported_svg:ssl_train_validation_loss.svg
71,0.4808516209335221,0.5508228231966055,digitized_from_notebook_exported_svg:ssl_train_validation_loss.svg
72,0.47361563790664785,0.5662975841584159,digitized_from_notebook_exported_svg:ssl_train_validation_loss.svg
73,0.48784933521923635,0.5599796322489392,digitized_from_notebook_exported_svg:ssl_train_validation_loss.svg
74,0.4688231683168318,0.5333312022630836,digitized_from_notebook_exported_svg:ssl_train_validation_loss.svg
75,0.44979700141442724,0.5617848486562944,digitized_from_notebook_exported_svg:ssl_train_validation_loss.svg
76,0.4300266364922207,0.528683530410184,digitized_from_notebook_exported_svg:ssl_train_validation_loss.svg
77,0.45497294483734096,0.4882147439886846,digitized_from_notebook_exported_svg:ssl_train_validation_loss.svg
78,0.44943523620933545,0.511755530410184,digitized_from_notebook_exported_svg:ssl_train_validation_loss.svg
79,0.41616371145685993,0.5124179236209336,digitized_from_notebook_exported_svg:ssl_train_validation_loss.svg
80,0.42198392079207936,0.49113480056577097,digitized_from_notebook_exported_svg:ssl_train_validation_loss.svg
81,0.4278041301272988,0.4908197906647809,digitized_from_notebook_exported_svg:ssl_train_validation_loss.svg
82,0.436319592644979,0.4987150664780766,digitized_from_notebook_exported_svg:ssl_train_validation_loss.svg
83,0.41893637340876966,0.5147151456859973,digitized_from_notebook_exported_svg:ssl_train_validation_loss.svg
84,0.42023551909476664,0.48913121357850065,digitized_from_notebook_exported_svg:ssl_train_validation_loss.svg
85,0.416346070721358,0.47636643847241866,digitized_from_notebook_exported_svg:ssl_train_validation_loss.svg
86,0.3961510042432814,0.4679321753889676,digitized_from_notebook_exported_svg:ssl_train_validation_loss.svg
87,0.41662603677510623,0.4665554398868459,digitized_from_notebook_exported_svg:ssl_train_validation_loss.svg
88,0.3934076039603962,0.5046858161244696,digitized_from_notebook_exported_svg:ssl_train_validation_loss.svg
89,0.41814555021216426,0.46747172842998586,digitized_from_notebook_exported_svg:ssl_train_validation_loss.svg
90,0.3964342630834514,0.47796512588401696,digitized_from_notebook_exported_svg:ssl_train_validation_loss.svg
91,0.39860690240452623,0.4593214257425742,digitized_from_notebook_exported_svg:ssl_train_validation_loss.svg
92,0.3858348175388966,0.45857670155586994,digitized_from_notebook_exported_svg:ssl_train_validation_loss.svg
93,0.359155473833098,0.45472165205091963,digitized_from_notebook_exported_svg:ssl_train_validation_loss.svg
94,0.3894994738330977,0.499476243281471,digitized_from_notebook_exported_svg:ssl_train_validation_loss.svg
95,0.3788033493635079,0.4585620820367753,digitized_from_notebook_exported_svg:ssl_train_validation_loss.svg
96,0.3864638415841586,0.47356794342291386,digitized_from_notebook_exported_svg:ssl_train_validation_loss.svg
97,0.3716969504950496,0.43921399717114573,digitized_from_notebook_exported_svg:ssl_train_validation_loss.svg
98,0.345481719943423,0.45751867609618113,digitized_from_notebook_exported_svg:ssl_train_validation_loss.svg
99,0.3438407920792079,0.46477490240452624,digitized_from_notebook_exported_svg:ssl_train_validation_loss.svg
100,0.37445020650636485,0.45069052333804827,digitized_from_notebook_exported_svg:ssl_train_validation_loss.svg
101,0.3276971428571429,0.42358170297029707,digitized_from_notebook_exported_svg:ssl_train_validation_loss.svg
102,0.3149862404526169,0.4290875473833098,digitized_from_notebook_exported_svg:ssl_train_validation_loss.svg
103,0.3188100028288543,0.429239694483734,digitized_from_notebook_exported_svg:ssl_train_validation_loss.svg
104,0.333521674681754,0.4060528656294202,digitized_from_notebook_exported_svg:ssl_train_validation_loss.svg
105,0.316123575671853,0.39821671287128724,digitized_from_notebook_exported_svg:ssl_train_validation_loss.svg
106,0.3126749759547385,0.4214511004243282,digitized_from_notebook_exported_svg:ssl_train_validation_loss.svg
107,0.3286832135785007,0.4245147043847244,digitized_from_notebook_exported_svg:ssl_train_validation_loss.svg
108,0.331683179632249,0.4016142347949081,digitized_from_notebook_exported_svg:ssl_train_validation_loss.svg
109,0.33060752475247535,0.4035421442715701,digitized_from_notebook_exported_svg:ssl_train_validation_loss.svg
110,0.33144668741159844,0.40027250919377666,digitized_from_notebook_exported_svg:ssl_train_validation_loss.svg
111,0.2886930693069307,0.3736891654879775,digitized_from_notebook_exported_svg:ssl_train_validation_loss.svg
112,0.2948996209335222,0.4059668571428574,digitized_from_notebook_exported_svg:ssl_train_validation_loss.svg
113,0.29503301838755314,0.3777719038189533,digitized_from_notebook_exported_svg:ssl_train_validation_loss.svg
114,0.26671996605374826,0.35881236775106085,digitized_from_notebook_exported_svg:ssl_train_validation_loss.svg
115,0.2912854766619519,0.3896123903818953,digitized_from_notebook_exported_svg:ssl_train_validation_loss.svg
116,0.27195348231966077,0.3690466195190949,digitized_from_notebook_exported_svg:ssl_train_validation_loss.svg
117,0.2885808656294204,0.387256486562942,digitized_from_notebook_exported_svg:ssl_train_validation_loss.svg
118,0.28338157850070744,0.3694002036775106,digitized_from_notebook_exported_svg:ssl_train_validation_loss.svg
119,0.27818229137199446,0.3552403281471006,digitized_from_notebook_exported_svg:ssl_train_validation_loss.svg
120,0.2686897991513437,0.3433161640735505,digitized_from_notebook_exported_svg:ssl_train_validation_loss.svg
121,0.2702900707213578,0.34373623762376226,digitized_from_notebook_exported_svg:ssl_train_validation_loss.svg
122,0.275950314002829,0.37065336350777955,digitized_from_notebook_exported_svg:ssl_train_validation_loss.svg
123,0.2894205940594061,0.33799305233380483,digitized_from_notebook_exported_svg:ssl_train_validation_loss.svg
124,0.26571343705799166,0.35603216973125895,digitized_from_notebook_exported_svg:ssl_train_validation_loss.svg
125,0.2516532729844412,0.3380355530410184,digitized_from_notebook_exported_svg:ssl_train_validation_loss.svg
126,0.2626128656294202,0.31540186704384765,digitized_from_notebook_exported_svg:ssl_train_validation_loss.svg
127,0.22713641867043854,0.3256264893917964,digitized_from_notebook_exported_svg:ssl_train_validation_loss.svg
128,0.2657291881188122,0.43711943422913735,digitized_from_notebook_exported_svg:ssl_train_validation_loss.svg
129,0.25140482036775125,0.3150821272984441,digitized_from_notebook_exported_svg:ssl_train_validation_loss.svg
130,0.2331474851485149,0.317910347949081,digitized_from_notebook_exported_svg:ssl_train_validation_loss.svg
131,0.23425812729844409,0.369323360678925,digitized_from_notebook_exported_svg:ssl_train_validation_loss.svg
132,0.2328574257425744,0.32668753606789247,digitized_from_notebook_exported_svg:ssl_train_validation_loss.svg
133,0.2488820820367752,0.3112422404526167,digitized_from_notebook_exported_svg:ssl_train_validation_loss.svg
134,0.2104139405940595,0.316956243281471,digitized_from_notebook_exported_svg:ssl_train_validation_loss.svg
135,0.2437040226308349,0.3124887581329563,digitized_from_notebook_exported_svg:ssl_train_validation_loss.svg
136,0.2192872644978785,0.30125155304101847,digitized_from_notebook_exported_svg:ssl_train_validation_loss.svg
137,0.2218477284299858,0.3262530466760962,digitized_from_notebook_exported_svg:ssl_train_validation_loss.svg
138,0.2147092390381895,0.35959686562942017,digitized_from_notebook_exported_svg:ssl_train_validation_loss.svg
139,0.21626001697312613,0.30887206789250365,digitized_from_notebook_exported_svg:ssl_train_validation_loss.svg
140,0.21328694766619538,0.2972393323903819,digitized_from_notebook_exported_svg:ssl_train_validation_loss.svg
141,0.19697991513437052,0.2747905742574259,digitized_from_notebook_exported_svg:ssl_train_validation_loss.svg
142,0.22192924469589825,0.28778277793493645,digitized_from_notebook_exported_svg:ssl_train_validation_loss.svg
143,0.19810806223479482,0.31262301555869887,digitized_from_notebook_exported_svg:ssl_train_validation_loss.svg
144,0.21212273833097606,0.28957371428571443,digitized_from_notebook_exported_svg:ssl_train_validation_loss.svg
145,0.1979084356435643,0.3022952079207921,digitized_from_notebook_exported_svg:ssl_train_validation_loss.svg
146,0.19485053465346525,0.2849369391796326,digitized_from_notebook_exported_svg:ssl_train_validation_loss.svg
147,0.18559624328147106,0.30898754172560117,digitized_from_notebook_exported_svg:ssl_train_validation_loss.svg
148,0.19294879773691642,0.30155335785007065,digitized_from_notebook_exported_svg:ssl_train_validation_loss.svg
149,0.20326516548797735,0.29933469872701557,digitized_from_notebook_exported_svg:ssl_train_validation_loss.svg
150,0.22426574257425758,0.2777242545968883,digitized_from_notebook_exported_svg:ssl_train_validation_loss.svg
151,0.2000564299858556,0.28424581612446964,digitized_from_notebook_exported_svg:ssl_train_validation_loss.svg
152,0.1926563847241869,0.28521894200848674,digitized_from_notebook_exported_svg:ssl_train_validation_loss.svg
153,0.1878949816124469,0.2699575671852903,digitized_from_notebook_exported_svg:ssl_train_validation_loss.svg
154,0.19726801697312601,0.2803076661951911,digitized_from_notebook_exported_svg:ssl_train_validation_loss.svg
155,0.1861705120226309,0.2627956096181048,digitized_from_notebook_exported_svg:ssl_train_validation_loss.svg
156,0.21037370297029723,0.2821897142857146,digitized_from_notebook_exported_svg:ssl_train_validation_loss.svg
157,0.16810480339462508,0.2658855671852902,digitized_from_notebook_exported_svg:ssl_train_validation_loss.svg
158,0.2080289448373409,0.266669052333805,digitized_from_notebook_exported_svg:ssl_train_validation_loss.svg
159,0.16427374257425753,0.2674525374823198,digitized_from_notebook_exported_svg:ssl_train_validation_loss.svg
160,0.19287520226308352,0.2630796039603962,digitized_from_notebook_exported_svg:ssl_train_validation_loss.svg
161,0.16277509476661955,0.25595452333804825,digitized_from_notebook_exported_svg:ssl_train_validation_loss.svg
162,0.14726966902404537,0.28058705516265925,digitized_from_notebook_exported_svg:ssl_train_validation_loss.svg
163,0.16887602828854287,0.24756673267326756,digitized_from_notebook_exported_svg:ssl_train_validation_loss.svg
164,0.18070832248939173,0.25584050919377654,digitized_from_notebook_exported_svg:ssl_train_validation_loss.svg
165,0.18273084016973118,0.2547644243281473,digitized_from_notebook_exported_svg:ssl_train_validation_loss.svg
166,0.1674574823196604,0.23585615841584184,digitized_from_notebook_exported_svg:ssl_train_validation_loss.svg
167,0.19283257708628,0.2670315473833098,digitized_from_notebook_exported_svg:ssl_train_validation_loss.svg
168,0.1528672588401696,0.2536107609618108,digitized_from_notebook_exported_svg:ssl_train_validation_loss.svg
169,0.16480699292786416,0.23581455162659126,digitized_from_notebook_exported_svg:ssl_train_validation_loss.svg
170,0.16208558981612442,0.25133185855728435,digitized_from_notebook_exported_svg:ssl_train_validation_loss.svg
171,0.15792058274398868,0.2609693578500709,digitized_from_notebook_exported_svg:ssl_train_validation_loss.svg
172,0.15375557567185294,0.25636250070721345,digitized_from_notebook_exported_svg:ssl_train_validation_loss.svg
173,0.15312651768033947,0.2722068005657712,digitized_from_notebook_exported_svg:ssl_train_validation_loss.svg
174,0.152497459688826,0.28190330975954736,digitized_from_notebook_exported_svg:ssl_train_validation_loss.svg
175,0.14342332107496447,0.24706702121640745,digitized_from_notebook_exported_svg:ssl_train_validation_loss.svg
176,0.1396667270155587,0.2785830155586988,digitized_from_notebook_exported_svg:ssl_train_validation_loss.svg
177,0.1589458217821782,0.25183150212164107,digitized_from_notebook_exported_svg:ssl_train_validation_loss.svg
178,0.15595381046676082,0.25874962376237653,digitized_from_notebook_exported_svg:ssl_train_validation_loss.svg
179,0.15296179915134345,0.24916824893917977,digitized_from_notebook_exported_svg:ssl_train_validation_loss.svg
180,0.13032543140028285,0.25537822913719954,digitized_from_notebook_exported_svg:ssl_train_validation_loss.svg
181,0.15896607637906657,0.27401193776520527,digitized_from_notebook_exported_svg:ssl_train_validation_loss.svg
182,0.15027462517680346,0.24994247241867074,digitized_from_notebook_exported_svg:ssl_train_validation_loss.svg
183,0.15423666195190955,0.2872275190947666,digitized_from_notebook_exported_svg:ssl_train_validation_loss.svg
184,0.14755680905233381,0.2627816690240452,digitized_from_notebook_exported_svg:ssl_train_validation_loss.svg
185,0.15033984724186733,0.2641257482319661,digitized_from_notebook_exported_svg:ssl_train_validation_loss.svg
186,0.1439614710042434,0.2531390664780766,digitized_from_notebook_exported_svg:ssl_train_validation_loss.svg
187,0.1488653239038189,0.2505833663366337,digitized_from_notebook_exported_svg:ssl_train_validation_loss.svg
188,0.15559201131541722,0.22452230834512021,digitized_from_notebook_exported_svg:ssl_train_validation_loss.svg
189,0.135041414427157,0.2467067835926453,digitized_from_notebook_exported_svg:ssl_train_validation_loss.svg
190,0.1616030777934936,0.2569209391796323,digitized_from_notebook_exported_svg:ssl_train_validation_loss.svg
191,0.1452147439886846,0.22541672418670466,digitized_from_notebook_exported_svg:ssl_train_validation_loss.svg
192,0.14071394625176792,0.21954741725601168,digitized_from_notebook_exported_svg:ssl_train_validation_loss.svg
193,0.1553621725601133,0.24574320792079218,digitized_from_notebook_exported_svg:ssl_train_validation_loss.svg
194,0.13623610749646398,0.24807189816124486,digitized_from_notebook_exported_svg:ssl_train_validation_loss.svg
195,0.14397365770862813,0.2649501216407357,digitized_from_notebook_exported_svg:ssl_train_validation_loss.svg
196,0.14378678359264518,0.25290412446959,digitized_from_notebook_exported_svg:ssl_train_validation_loss.svg
197,0.14565297878359273,0.2503556548797736,digitized_from_notebook_exported_svg:ssl_train_validation_loss.svg
198,0.1416594512022632,0.234647637906648,digitized_from_notebook_exported_svg:ssl_train_validation_loss.svg
199,0.13766592362093366,0.24903859688826047,digitized_from_notebook_exported_svg:ssl_train_validation_loss.svg
200,0.12272727581329557,0.24976759264497894,digitized_from_notebook_exported_svg:ssl_train_validation_loss.svg
